[
  {
    "id": 1,
    "name": "Алматы қаласының №1 клиникалық ауруханасы",
    "address": "Алматы, Достық даңғылы, 13",
    "lat": 43.238949,
    "lon": 76.889709,
    "phone": "+7 (727) 291-10-01",
    "specialties": ["Терапия", "Хирургия", "Кардиология"]
  },
  {
    "id": 2,
    "name": "Республикалық диагностикалық орталығы",
    "address": "Алматы, Абай даңғылы, 103",
    "lat": 43.250878,
    "lon": 76.947442,
    "phone": "+7 (727) 377-77-77",
    "specialties": ["Диагностика", "Лаборатория", "МРТ"]
  },
  {
    "id": 3,
    "name": "Ұлттық ғылыми кардиохирургия орталығы",
    "address": "Алматы, Сейфуллин даңғылы, 497",
    "lat": 43.234234,
    "lon": 76.877762,
    "phone": "+7 (727) 299-40-00",
    "specialties": ["Кардиология", "Кардиохирургия", "Реанимация"]
  },
  {
    "id": 4,
    "name": "Балалар ауруханасы №1",
    "address": "Алматы, Жибек жолы даңғылы, 140",
    "lat": 43.229898,
    "lon": 76.903737,
    "phone": "+7 (727) 291-40-51",
    "specialties": ["Педиатрия", "Детская хирургия", "Неонатология"]
  },
  {
    "id": 5,
    "name": "Онкологиялық орталығы",
    "address": "Алматы, Байзақ батыр даңғылы, 168",
    "lat": 43.220123,
    "lon": 76.881234,
    "phone": "+7 (727) 291-90-90",
    "specialties": ["Онкология", "Радиология", "Химиотерапия"]
  },
  {
    "id": 6,
    "name": "Травматология және ортопедия орталығы",
    "address": "Алматы, Толе би даңғылы, 94",
    "lat": 43.242345,
    "lon": 76.892345,
    "phone": "+7 (727) 272-40-40",
    "specialties": ["Травматология", "Ортопедия", "Реабилитация"]
  },
  {
    "id": 7,
    "name": "Жүрек-қан тамырлары аурулары орталығы",
    "address": "Алматы, Райымбек даңғылы, 112",
    "lat": 43.258901,
    "lon": 76.923456,
    "phone": "+7 (727) 291-11-11",
    "specialties": ["Кардиология", "Сосудистая хирургия", "Нефрология"]
  },
  {
    "id": 8,
    "name": "Нейрохирургия орталығы",
    "address": "Алматы, Жандосов даңғылы, 87",
    "lat": 43.230567,
    "lon": 76.895678,
    "phone": "+7 (727) 293-50-50",
    "specialties": ["Нейрохирургия", "Неврология", "Реабилитация"]
  },
  {
    "id": 9,
    "name": "Денсаулық сақтау министрлігінің клиникалық ауруханасы",
    "address": "Алматы, Кожамкулов даңғылы, 186",
    "lat": 43.245678,
    "lon": 76.908901,
    "phone": "+7 (727) 295-60-60",
    "specialties": ["Терапия", "Хирургия", "Гинекология"]
  },
  {
    "id": 10,
    "name": "Экстрендік медицина орталығы",
    "address": "Алматы, Назарбаев даңғылы, 190",
    "lat": 43.251234,
    "lon": 76.934567,
    "phone": "103",
    "specialties": ["Экстренная помощь", "Реанимация", "Травматология"]
  }
]

